slug_pd,Town_county
absecon-atlantic,"Absecon, Atlantic County"
atlantic-city-atlantic,"Atlantic City, Atlantic County"
brigantine-beach-atlantic,"Brigantine Beach, Atlantic County"
buena-borough-atlantic,"Buena Borough, Atlantic County"
egg-harbor-township-atlantic,"Egg Harbor Township, Atlantic County"
egg-harbor-city-atlantic,"Egg Harbor City, Atlantic County"
galloway-atlantic,"Galloway, Atlantic County"
hamilton-atlantic,"Hamilton, Atlantic County"
hammonton-atlantic,"Hammonton, Atlantic County"
linwood-atlantic,"Linwood, Atlantic County"
longport-atlantic,"Longport, Atlantic County"
margate-atlantic,"Margate, Atlantic County"
mullica-atlantic,"Mullica, Atlantic County"
northfield-city-atlantic,"Northfield City, Atlantic County"
pleasantville-atlantic,"Pleasantville, Atlantic County"
somers-point-atlantic,"Somers Point, Atlantic County"
ventnor-city-atlantic,"Ventnor City, Atlantic County"
allendale-bergen,"Allendale, Bergen County"
alpine-bergen,"Alpine, Bergen County"
bergenfield-bergen,"Bergenfield, Bergen County"
bogota-bergen,"Bogota, Bergen County"
carlstadt-bergen,"Carlstadt, Bergen County"
cliffside-park-bergen,"Cliffside Park, Bergen County"
closter-bergen,"Closter, Bergen County"
cresskill-bergen,"Cresskill, Bergen County"
demarest-bergen,"Demarest, Bergen County"
dumont-bergen,"Dumont, Bergen County"
east-rutherford-bergen,"East Rutherford, Bergen County"
edgewater-bergen,"Edgewater, Bergen County"
elmwood-park-bergen,"Elmwood Park, Bergen County"
emerson-bergen,"Emerson, Bergen County"
englewood-bergen,"Englewood, Bergen County"
englewood-cliffs-bergen,"Englewood Cliffs, Bergen County"
fairlawn-bergen,"Fairlawn, Bergen County"
fairview-bergen,"Fairview, Bergen County"
fort-lee-bergen,"Fort Lee, Bergen County"
franklin-lakes-bergen,"Franklin Lakes, Bergen County"
garfield-bergen,"Garfield, Bergen County"
glen-rock-bergen,"Glen Rock, Bergen County"
hackensack-bergen,"Hackensack, Bergen County"
harrington-park-bergen,"Harrington Park, Bergen County"
hasbrouck-heights-bergen,"Hasbrouck Heights, Bergen County"
haworth-bergen,"Haworth, Bergen County"
hillsdale-bergen,"Hillsdale, Bergen County"
ho-ho-kus-bergen,"Ho-Ho-Kus, Bergen County"
leonia-bergen,"Leonia, Bergen County"
little-ferry-bergen,"Little Ferry, Bergen County"
lodi-bergen,"Lodi, Bergen County"
lyndhurst-bergen,"Lyndhurst, Bergen County"
mahwah-bergen,"Mahwah, Bergen County"
maywood-bergen,"Maywood, Bergen County"
midland-park-bergen,"Midland Park, Bergen County"
montvale-bergen,"Montvale, Bergen County"
moonachie-bergen,"Moonachie, Bergen County"
moonachie-bergen,"Moonachie, Bergen County"
new-milford-bergen,"New Milford, Bergen County"
north-arlington-bergen,"North Arlington, Bergen County"
northvale-bergen,"Northvale, Bergen County"
northvale-bergen,"Northvale, Bergen County"
norwood-bergen,"Norwood, Bergen County"
oakland-bergen,"Oakland, Bergen County"
old-tappan-bergen,"Old Tappan, Bergen County"
oradell-bergen,"Oradell, Bergen County"
palisades-park-bergen,"Palisades Park, Bergen County"
paramus-bergen,"Paramus, Bergen County"
park-ridge-bergen,"Park Ridge, Bergen County"
ramsey-bergen,"Ramsey, Bergen County"
ridgefield-bergen,"Ridgefield, Bergen County"
ridgefield-park-bergen,"Ridgefield Park, Bergen County"
ridgewood-bergen,"Ridgewood, Bergen County"
river-edge-bergen,"River Edge, Bergen County"
river-vale-bergen,"River Vale, Bergen County"
rochelle-park-bergen,"Rochelle Park, Bergen County"
rutherford-bergen,"Rutherford, Bergen County"
saddle-brook-bergen,"Saddle Brook, Bergen County"
saddle-river-bergen,"Saddle River, Bergen County"
south-hackensack-bergen,"South Hackensack, Bergen County"
teaneck-bergen,"Teaneck, Bergen County"
tenafly-bergen,"Tenafly, Bergen County"
upper-saddle-river-bergen,"Upper Saddle River, Bergen County"
waldwick-bergen,"Waldwick, Bergen County"
wallington-bergen,"Wallington, Bergen County"
washington-bergen,"Washington, Bergen County"
westwood-bergen,"Westwood, Bergen County"
woodcliff-lake-bergen,"Woodcliff Lake, Bergen County"
wood-ridge-bergen,"Wood-ridge, Bergen County"
wyckoff-bergen,"Wyckoff, Bergen County"
beverly-burlington,"Beverly, Burlington County"
bordentown-burlington,"Bordentown, Burlington County"
bordentown-town-burlington,"Bordentown Town, Burlington County"
burlington-city-burlington,"Burlington City, Burlington County"
burlington-town-burlington,"Burlington Town, Burlington County"
chesterfield-burlington,"Chesterfield, Burlington County"
cinnaminson-burlington,"Cinnaminson, Burlington County"
delanco-burlington,"Delanco, Burlington County"
delran-burlington,"Delran, Burlington County"
eastampton-burlington,"Eastampton, Burlington County"
edgewater-park-burlington,"Edgewater Park, Burlington County"
evesham-burlington,"Evesham, Burlington County"
florence-burlington,"Florence, Burlington County"
lumberton-burlington,"Lumberton, Burlington County"
mansfield-burlington,"Mansfield, Burlington County"
maple-shade-burlington,"Maple Shade, Burlington County"
medford-burlington,"Medford, Burlington County"
medford-lakes-burlington,"Medford Lakes, Burlington County"
moorestown-burlington,"Moorestown, Burlington County"
mount-holly-burlington,"Mount Holly, Burlington County"
mount-laurel-burlington,"Mount Laurel, Burlington County"
north-hanover-burlington,"North Hanover, Burlington County"
palmyra-burlington,"Palmyra, Burlington County"
pemberton-boro-burlington,"Pemberton Boro, Burlington County"
pemberton-burlington,"Pemberton, Burlington County"
riverside-burlington,"Riverside, Burlington County"
riverton-burlington,"Riverton, Burlington County"
springfield-burlington,"Springfield, Burlington County"
westhampton-burlington,"Westhampton, Burlington County"
willing-boro-burlington,"Willing Boro, Burlington County"
audubon-camden,"Audubon, Camden County"
haddon-camden,"Haddon, Camden County"
haddon-camden,"Haddon, Camden County"
barrington-camden,"Barrington, Camden County"
bellmawr-camden,"Bellmawr, Camden County"
berlin-boro-camden,"Berlin Boro, Camden County"
berlin-township-camden,"Berlin township, Camden County"
brooklawn-camden,"Brooklawn, Camden County"
camden-camden,"Camden, Camden County"
cherry-hill-camden,"Cherry Hill, Camden County"
chesilhurst-camden,"Chesilhurst, Camden County"
clementon-camden,"Clementon, Camden County"
collingswood-camden,"Collingswood, Camden County"
gibbsboro-camden,"Gibbsboro, Camden County"
gloucester-camden,"Gloucester, Camden County"
gloucester-city-camden,"Gloucester City, Camden County"
haddonfield-camden,"Haddonfield, Camden County"
haddonfield-camden,"Haddonfield, Camden County"
haddon-heights-camden,"Haddon Heights, Camden County"
laurel-springs-camden,"Laurel Springs, Camden County"
lindenwold-camden,"Lindenwold, Camden County"
magnolia-camden,"Magnolia, Camden County"
merchantville-camden,"Merchantville, Camden County"
mount-ephraim-camden,"Mount Ephraim, Camden County"
oaklyn-camden,"Oaklyn, Camden County"
pennsauken-camden,"Pennsauken, Camden County"
pine-hill-camden,"Pine Hill, Camden County"
runnemede-boro-camden,"Runnemede Boro, Camden County"
somerdale-camden,"Somerdale, Camden County"
stratford-camden,"Stratford, Camden County"
voorhees-camden,"Voorhees, Camden County"
waterford-camden,"Waterford, Camden County"
winslow-camden,"Winslow, Camden County"
avalon-cape-may,"Avalon, Cape May County"
cape-may-cape-may,"Cape May, Cape May County"
cape-may-cape-may,"Cape May, Cape May County"
cape-may-cape-may,"Cape May, Cape May County"
lower-township-cape-may,"Lower Township, Cape May County"
middle-cape-may,"Middle, Cape May County"
north-wildwood-cape-may,"North Wildwood, Cape May County"
ocean-city-cape-may,"Ocean City, Cape May County"
sea-isle-city-cape-may,"Sea Isle City, Cape May County"
stone-harbor-borough-cape-may,"Stone Harbor Borough, Cape May County"
west-wildwood-cape-may,"West Wildwood, Cape May County"
wildwood-cape-may,"Wildwood, Cape May County"
wildwood-crest-cape-may,"Wildwood Crest, Cape May County"
bridgeton-city-cumberland,"Bridgeton City, Cumberland County"
millville-cumberland,"Millville, Cumberland County"
vineland-cumberland,"Vineland, Cumberland County"
belleville-essex,"Belleville, Essex County"
bloomfield-essex,"Bloomfield, Essex County"
caldwell-essex,"Caldwell, Essex County"
cedar-grove-essex,"Cedar Grove, Essex County"
orange-essex,"Orange, Essex County"
east-orange-essex,"East Orange, Essex County"
essex-fells-essex,"Essex Fells, Essex County"
fairfield-essex,"Fairfield, Essex County"
glen-ridge-essex,"Glen Ridge, Essex County"
irvington-essex,"Irvington, Essex County"
livingston-essex,"Livingston, Essex County"
maplewood-essex,"Maplewood, Essex County"
millburn-essex,"Millburn, Essex County"
montclair-essex,"Montclair, Essex County"
newark-essex,"Newark, Essex County"
north-caldwell-essex,"North Caldwell, Essex County"
nutley-essex,"Nutley, Essex County"
roseland-essex,"Roseland, Essex County"
south-orange-essex,"South Orange, Essex County"
verona-essex,"Verona, Essex County"
west-caldwell-essex,"West Caldwell, Essex County"
west-orange-essex,"West Orange, Essex County"
clayton-gloucester,"Clayton, Gloucester County"
deptford-gloucester,"Deptford, Gloucester County"
east-greenwich-gloucester,"East Greenwich, Gloucester County"
elk-gloucester,"Elk, Gloucester County"
franklin-township-gloucester,"Franklin Township, Gloucester County"
glassboro-gloucester,"Glassboro, Gloucester County"
greenwich-gloucester,"Greenwich, Gloucester County"
harrison-township-gloucester,"Harrison Township, Gloucester County"
logan-township-gloucester,"Logan Township, Gloucester County"
mantua-gloucester,"Mantua, Gloucester County"
monroe-gloucester,"Monroe, Gloucester County"
westville-gloucester,"Westville, Gloucester County"
westville-gloucester,"Westville, Gloucester County"
newfield-gloucester,"Newfield, Gloucester County"
paulsboro-gloucester,"Paulsboro, Gloucester County"
pitman-gloucester,"Pitman, Gloucester County"
south-harrison-gloucester,"South Harrison, Gloucester County"
woolwich-gloucester,"Woolwich, Gloucester County"
woolwich-gloucester,"Woolwich, Gloucester County"
washington-gloucester,"Washington, Gloucester County"
wenonah-gloucester,"Wenonah, Gloucester County"
west-deptford-gloucester,"West Deptford, Gloucester County"
woodbury-gloucester,"Woodbury, Gloucester County"
woodbury-heights-gloucester,"Woodbury Heights, Gloucester County"
bayonne-hudson,"Bayonne, Hudson County"
east-newark-hudson,"East Newark, Hudson County"
guttenberg-hudson,"Guttenberg, Hudson County"
harrison-hudson,"Harrison, Hudson County"
hoboken-hudson,"Hoboken, Hudson County"
jersey-city-hudson,"Jersey City, Hudson County"
kearny-hudson,"Kearny, Hudson County"
north-bergen-hudson,"North Bergen, Hudson County"
secaucus-hudson,"Secaucus, Hudson County"
union-city-hudson,"Union City, Hudson County"
weehawken-hudson,"Weehawken, Hudson County"
west-new-york-hudson,"West New York, Hudson County"
califon-hunterdon,"Califon, Hunterdon County"
town-of-clinton-hunterdon,"Town of Clinton, Hunterdon County"
clinton-township-hunterdon,"Clinton Township, Hunterdon County"
delaware-hunterdon,"Delaware, Hunterdon County"
flemington-hunterdon,"Flemington, Hunterdon County"
frenchtown-hunterdon,"Frenchtown, Hunterdon County"
high-bridge-hunterdon,"High Bridge, Hunterdon County"
lambertville-hunterdon,"Lambertville, Hunterdon County"
lebanon-hunterdon,"Lebanon, Hunterdon County"
raritan-hunterdon,"Raritan, Hunterdon County"
readington-hunterdon,"Readington, Hunterdon County"
west-amwell-hunterdon,"West Amwell, Hunterdon County"
east-windsor-mercer,"East Windsor, Mercer County"
ewing-mercer,"Ewing, Mercer County"
hamilton-mercer,"Hamilton, Mercer County"
hightstown-mercer,"Hightstown, Mercer County"
hopewell-twp-mercer,"Hopewell twp, Mercer County"
hopewell-twp-mercer,"Hopewell twp, Mercer County"
lawrence-mercer,"Lawrence, Mercer County"
pennington-boro-mercer,"Pennington Boro, Mercer County"
princeton-mercer,"Princeton, Mercer County"
princeton-mercer,"Princeton, Mercer County"
robbinsville-mercer,"Robbinsville, Mercer County"
trenton-mercer,"Trenton, Mercer County"
west-windsor-mercer,"West Windsor, Mercer County"
carteret-middlesex,"Carteret, Middlesex County"
cranbury-middlesex,"Cranbury, Middlesex County"
dunellen-middlesex,"Dunellen, Middlesex County"
east-brunswick-middlesex,"East Brunswick, Middlesex County"
edison-middlesex,"Edison, Middlesex County"
helmetta-middlesex,"Helmetta, Middlesex County"
highland-park-middlesex,"Highland Park, Middlesex County"
jamesburg-middlesex,"Jamesburg, Middlesex County"
metuchen-middlesex,"Metuchen, Middlesex County"
middlesex-middlesex,"Middlesex, Middlesex County"
milltown-middlesex,"Milltown, Middlesex County"
monroe-middlesex,"Monroe, Middlesex County"
new-brunswick-middlesex,"New Brunswick, Middlesex County"
north-brunswick-middlesex,"North Brunswick, Middlesex County"
old-bridge-middlesex,"Old Bridge, Middlesex County"
perth-amboy-middlesex,"Perth Amboy, Middlesex County"
piscataway-middlesex,"Piscataway, Middlesex County"
plainsboro-middlesex,"Plainsboro, Middlesex County"
sayreville-middlesex,"Sayreville, Middlesex County"
south-amboy-middlesex,"South Amboy, Middlesex County"
south-brunswick-middlesex,"South Brunswick, Middlesex County"
south-plainfield-middlesex,"South Plainfield, Middlesex County"
south-river-middlesex,"South River, Middlesex County"
spotswood-middlesex,"Spotswood, Middlesex County"
woodbridge-middlesex,"Woodbridge, Middlesex County"
aberdeen-monmouth,"Aberdeen, Monmouth County"
allenhurst-monmouth,"Allenhurst, Monmouth County"
allentown-monmouth,"Allentown, Monmouth County"
asbury-park-monmouth,"Asbury Park, Monmouth County"
atlantic-highlands-monmouth,"Atlantic Highlands, Monmouth County"
avon-by-the-sea-monmouth,"Avon-By-the-Sea, Monmouth County"
belmar-monmouth,"Belmar, Monmouth County"
bradley-beach-monmouth,"Bradley Beach, Monmouth County"
brielle-monmouth,"Brielle, Monmouth County"
colts-neck-monmouth,"Colts Neck, Monmouth County"
deal-monmouth,"Deal, Monmouth County"
deal-monmouth,"Deal, Monmouth County"
eatontown-monmouth,"Eatontown, Monmouth County"
englishtown-monmouth,"Englishtown, Monmouth County"
fair-haven-monmouth,"Fair Haven, Monmouth County"
freehold-boro-monmouth,"Freehold Boro, Monmouth County"
freehold-monmouth,"Freehold, Monmouth County"
hazlet-monmouth,"Hazlet, Monmouth County"
highlands-boro-monmouth,"Highlands Boro, Monmouth County"
holmdel-monmouth,"Holmdel, Monmouth County"
howell-monmouth,"Howell, Monmouth County"
keansburg-monmouth,"Keansburg, Monmouth County"
keyport-monmouth,"Keyport, Monmouth County"
lake-como-boro-monmouth,"Lake Como Boro, Monmouth County"
little-silver-monmouth,"Little Silver, Monmouth County"
ocean-township-monmouth,"Ocean Township, Monmouth County"
ocean-township-monmouth,"Ocean Township, Monmouth County"
long-branch-monmouth,"Long Branch, Monmouth County"
manalapan-monmouth,"Manalapan, Monmouth County"
manasquan-monmouth,"Manasquan, Monmouth County"
marlboro-monmouth,"Marlboro, Monmouth County"
matawan-monmouth,"Matawan, Monmouth County"
middletown-monmouth,"Middletown, Monmouth County"
monmouth-beach-monmouth,"Monmouth Beach, Monmouth County"
neptune-township-monmouth,"Neptune Township, Monmouth County"
neptune-city-monmouth,"Neptune City, Monmouth County"
ocean-port-monmouth,"Ocean Port, Monmouth County"
red-bank-monmouth,"Red Bank, Monmouth County"
rumson-monmouth,"Rumson, Monmouth County"
sea-bright-monmouth,"Sea Bright, Monmouth County"
sea-girt-monmouth,"Sea Girt, Monmouth County"
shrewsbury-monmouth,"Shrewsbury, Monmouth County"
spring-lake-boro-monmouth,"Spring Lake Boro, Monmouth County"
spring-lake-heights-monmouth,"Spring Lake Heights, Monmouth County"
tinton-falls-monmouth,"Tinton Falls, Monmouth County"
union-beach-monmouth,"Union Beach, Monmouth County"
wall-monmouth,"Wall, Monmouth County"
west-long-branch-monmouth,"West Long Branch, Monmouth County"
boonton-township-morris,"Boonton Township, Morris County"
butler-morris,"Butler, Morris County"
chatham-boro-morris,"Chatham boro, Morris County"
chatham-twp-morris,"Chatham Twp, Morris County"
chester-twp-morris,"Chester Twp, Morris County"
chester-twp-morris,"Chester Twp, Morris County"
denville-morris,"Denville, Morris County"
dover-morris,"Dover, Morris County"
east-hanover-morris,"East Hanover, Morris County"
florham-park-morris,"Florham Park, Morris County"
hanover-morris,"Hanover, Morris County"
harding-morris,"Harding, Morris County"
jefferson-morris,"Jefferson, Morris County"
kinnelon-morris,"Kinnelon, Morris County"
lincoln-park-morris,"Lincoln Park, Morris County"
long-hill-morris,"Long Hill, Morris County"
madison-morris,"Madison, Morris County"
mendham-boro-morris,"Mendham Boro, Morris County"
mendham-twp-morris,"Mendham twp, Morris County"
wharton-morris,"Wharton, Morris County"
wharton-morris,"Wharton, Morris County"
montville-morris,"Montville, Morris County"
morris-township-morris,"Morris Township, Morris County"
morris-plains-boro-morris,"Morris Plains Boro, Morris County"
morristown-morris,"Morristown, Morris County"
mountain-lakes-morris,"Mountain Lakes, Morris County"
mount-arlington-morris,"Mount Arlington, Morris County"
mount-olive-morris,"Mount Olive, Morris County"
netcong-morris,"Netcong, Morris County"
parsippany-morris,"Parsippany, Morris County"
pequannock-morris,"Pequannock, Morris County"
randolph-morris,"Randolph, Morris County"
riverdale-morris,"Riverdale, Morris County"
rockaway-boro-morris,"Rockaway Boro, Morris County"
rockaway-twp-morris,"Rockaway Twp, Morris County"
roxbury-morris,"Roxbury, Morris County"
washington-morris,"Washington, Morris County"
barnegat-ocean,"Barnegat, Ocean County"
barnegat-ocean,"Barnegat, Ocean County"
bay-head-ocean,"Bay Head, Ocean County"
beach-haven-ocean,"Beach Haven, Ocean County"
beachwood-ocean,"Beachwood, Ocean County"
berkeley-ocean,"Berkeley, Ocean County"
brick-ocean,"Brick, Ocean County"
harvey-cedars-ocean,"Harvey Cedars, Ocean County"
island-heights-ocean,"Island Heights, Ocean County"
jackson-ocean,"Jackson, Ocean County"
lacey-ocean,"Lacey, Ocean County"
lakehurst-ocean,"Lakehurst, Ocean County"
lakewood-ocean,"Lakewood, Ocean County"
lavallette-ocean,"Lavallette, Ocean County"
little-egg-harbor-ocean,"Little Egg Harbor, Ocean County"
long-beach-township-ocean,"Long Beach Township, Ocean County"
manchester-ocean,"Manchester, Ocean County"
mantoloking-ocean,"Mantoloking, Ocean County"
ocean-township-ocean,"Ocean Township, Ocean County"
ocean-gate-ocean,"Ocean Gate, Ocean County"
pine-beach-ocean,"Pine Beach, Ocean County"
plumstead-ocean,"Plumstead, Ocean County"
point-pleasant-ocean,"Point Pleasant, Ocean County"
point-pleasant-beach-ocean,"Point Pleasant Beach, Ocean County"
seaside-heights-ocean,"Seaside Heights, Ocean County"
seaside-park-ocean,"Seaside Park, Ocean County"
ship-bottom-ocean,"Ship Bottom, Ocean County"
south-toms-river-ocean,"South Toms River, Ocean County"
stafford-ocean,"Stafford, Ocean County"
surf-city-ocean,"Surf City, Ocean County"
toms-river-ocean,"Toms River, Ocean County"
tuckerton-ocean,"Tuckerton, Ocean County"
bloomingdale-passaic,"Bloomingdale, Passaic County"
clifton-passaic,"Clifton, Passaic County"
haledon-passaic,"Haledon, Passaic County"
hawthorne-passaic,"Hawthorne, Passaic County"
little-falls-passaic,"Little Falls, Passaic County"
north-haledon-passaic,"North Haledon, Passaic County"
passaic-passaic,"Passaic, Passaic County"
paterson-passaic,"Paterson, Passaic County"
pompton-lakes-passaic,"Pompton Lakes, Passaic County"
prospect-park-passaic,"Prospect Park, Passaic County"
ringwood-passaic,"Ringwood, Passaic County"
totowa-passaic,"Totowa, Passaic County"
wanaque-passaic,"Wanaque, Passaic County"
wayne-passaic,"Wayne, Passaic County"
west-milford-passaic,"West Milford, Passaic County"
woodland-park-passaic,"Woodland Park, Passaic County"
carney-s-point-salem,"Carney_s Point, Salem County"
lower-alloways-creek-salem,"Lower Alloways Creek, Salem County"
lower-alloways-creek-salem,"Lower Alloways Creek, Salem County"
penns-grove-salem,"Penns Grove, Salem County"
pennsville-salem,"Pennsville, Salem County"
salem-city-salem,"Salem City, Salem County"
woodstown-salem,"Woodstown, Salem County"
bedminster-somerset,"Bedminster, Somerset County"
bernards-somerset,"Bernards, Somerset County"
bernardsville-somerset,"Bernardsville, Somerset County"
bound-brook-somerset,"Bound Brook, Somerset County"
branchburg-somerset,"Branchburg, Somerset County"
bridgewater-somerset,"Bridgewater, Somerset County"
far-hills-somerset,"Far Hills, Somerset County"
franklin-somerset,"Franklin, Somerset County"
green-brook-somerset,"Green Brook, Somerset County"
hillsborough-somerset,"Hillsborough, Somerset County"
manville-somerset,"Manville, Somerset County"
montgomery-somerset,"Montgomery, Somerset County"
north-plainfield-somerset,"North Plainfield, Somerset County"
peapack-gladstone-somerset,"Peapack gladstone, Somerset County"
raritan-somerset,"Raritan, Somerset County"
somerville-somerset,"Somerville, Somerset County"
south-boundbrook-somerset,"South Boundbrook, Somerset County"
warren-township-somerset,"Warren Township, Somerset County"
watchung-somerset,"Watchung, Somerset County"
andover-township-sussex,"Andover Township, Sussex County"
byram-sussex,"Byram, Sussex County"
franklin-boro-sussex,"Franklin Boro, Sussex County"
hamburg-sussex,"Hamburg, Sussex County"
hardyston-sussex,"Hardyston, Sussex County"
hopatcong-sussex,"Hopatcong, Sussex County"
newton-sussex,"Newton, Sussex County"
ogdensburg-sussex,"Ogdensburg, Sussex County"
sparta-sussex,"Sparta, Sussex County"
stanhope-sussex,"Stanhope, Sussex County"
vernon-sussex,"Vernon, Sussex County"
berkeley-heights-union,"Berkeley Heights, Union County"
clark-union,"Clark, Union County"
cranford-union,"Cranford, Union County"
elizabeth-union,"Elizabeth, Union County"
fanwood-union,"Fanwood, Union County"
garwood-union,"Garwood, Union County"
hillside-union,"Hillside, Union County"
kenilworth-union,"Kenilworth, Union County"
linden-union,"Linden, Union County"
mountainside-union,"Mountainside, Union County"
new-providence-union,"New Providence, Union County"
plainfield-union,"Plainfield, Union County"
rahway-union,"Rahway, Union County"
roselle-union,"Roselle, Union County"
roselle-park-union,"Roselle Park, Union County"
scotch-plains-union,"Scotch Plains, Union County"
springfield-union,"Springfield, Union County"
summit-union,"Summit, Union County"
union-township-union,"Union township, Union County"
westfield-union,"Westfield, Union County"
winfield-union,"Winfield, Union County"
phillipsburg-warren,"Phillipsburg, Warren County"
phillipsburg-warren,"Phillipsburg, Warren County"
belvidere-warren,"Belvidere, Warren County"
blairstown-warren,"Blairstown, Warren County"
greenwich-warren,"Greenwich, Warren County"
hackettstown-warren,"Hackettstown, Warren County"
independence-warren,"Independence, Warren County"
lopatcong-warren,"Lopatcong, Warren County"
mansfield-warren,"Mansfield, Warren County"
pohatcong-warren,"Pohatcong, Warren County"
washington-township-warren,"Washington Township, Warren County"
washington-township-warren,"Washington Township, Warren County"